,node_id,project_id,vsn,address,lat,lon,description,start_timestamp,end_timestamp,x,y,612_1,612_2,612_3,612_4,612_5,612_6,612_7,705_1,705_2,705_3,705_4,705_5,705_6,705_7,831_1,831_2,831_3,831_4,831_5,831_6,831_7,1009_1,1009_2,1009_3,1009_4,1009_5,1009_6,1009_7
0,001e0610ba46,AoT_Chicago,004,State St & Jackson Blvd Chicago IL,41.878377,-87.627678,AoT Chicago (S) [C],2017/10/09 00:00:00,,447918.216810211,4636463.148653064,12086,12515,14956,15272,20645,16908,14083,11271,11845,13981,14258,19563,16344,13487,11894,12551,13558,14487,18749,15535,13386,10448,10986,11727,12020,13926,12507,11022
1,001e0610ba3b,AoT_Chicago,006,18th St & Lake Shore Dr Chicago IL,41.858136,-87.616055,AoT Chicago (S),2017/08/08 00:00:00,,448866.51537378103,4634208.863039118,11429,11876,12916,13415,18929,16479,13987,10375,10830,12521,12857,18538,15920,13489,10978,11395,12201,12509,18556,16313,13511,11081,11367,11996,12118,17627,15330,12819
2,001e0610f02f,AoT_Chicago,00A,Lake Shore Drive & Fullerton Ave Chicago IL,41.9262614,-87.6307578,AoT Chicago (S) [CA],2018/05/07 00:00:00,,447701.7586854233,4641781.51687817,8723,9451,11357,11114,19700,16069,13296,7950,8507,10180,9987,18766,15356,12163,8518,9058,10349,10426,17241,15975,12623,8113,8739,9974,9862,16989,14589,11775
3,001e0610ba8f,AoT_Chicago,00D,Cornell & 47th St Chicago IL,41.810342,-87.590228,AoT Chicago (S),2017/08/08 00:00:00,,450973.74301248696,4628887.413355855,9652,9860,10790,10237,19764,13874,11396,9235,9345,10411,10120,17707,13367,11077,9028,9293,10026,9789,16943,13199,10872,9164,9379,10046,9850,14587,12197,10236
4,001e0610ba16,AoT_Chicago,010,Homan Ave & Roosevelt Rd Chicago IL,41.866349,-87.710543,AoT Chicago (S) [C],2018/07/18 00:00:00,,441031.3753973261,4635181.316630179,10376,10775,11814,12286,13745,15093,14345,10254,10715,11602,12130,13625,14682,13688,10034,10583,11311,11842,13309,14203,13379,10052,10435,11459,11799,13299,13620,12597
5,001e06107e5d,AoT_Chicago,014,State St & Washington St Chicago IL,41.88320529999999,-87.6277685,AoT Chicago (T),2016/09/14 00:00:00,,447914.62875177385,4636999.276585132,10623,11331,12822,13483,14613,15489,14710,10049,10921,12408,12849,15767,15745,14058,9528,9886,10834,10967,11861,12909,11691,9060,9480,9965,9839,10554,9998,9247
6,001e0610ba8b,AoT_Chicago,018,Stony Island Ave & 63rd St Chicago IL,41.7806,-87.58645600000001,AoT Chicago (S) [C],2018/02/26 00:00:00,,451264.53180395707,4625583.146599644,10108,10240,11309,11119,18252,15030,13079,10313,10586,11117,11328,16285,14216,12252,10096,10491,11299,11766,15403,14791,12462,9805,10105,10813,10827,15333,13840,11724
7,001e0610ba13,AoT_Chicago,01C,7801 S Lawndale Ave Chicago IL,41.751238,-87.71299,AoT Chicago (S) [C] {ComEd},2018/01/01 00:00:00,,440722.26729257405,4622402.673001402,14944,15963,17599,18930,21172,21591,18961,14007,14874,17038,18262,20415,21433,19038,13795,15126,15932,17133,19510,20310,17245,12510,13439,15337,16002,17508,19431,17160
8,001e0610ba18,AoT_Chicago,01D,Damen Ave & Cermak Chicago IL,41.852179,-87.675825,AoT Chicago (S),2017/12/15 00:00:00,,443900.28596947185,4633584.798464241,10950,11408,12845,13233,14462,15787,14933,10750,11236,12046,12595,13469,14965,14016,10416,10855,12071,12684,13825,14131,13258,9879,10274,11064,11260,13011,13260,12424
9,001e0610bc10,AoT_Chicago,01F,State St & 87th Chicago IL,41.736314,-87.624179,AoT Chicago (S) [C],2018/02/22 00:00:00,,448093.999439458,4620688.364162039,10772,11794,13060,13696,15956,15328,13993,9945,10628,12189,12599,15042,15139,13824,9711,10217,11155,11546,12831,13133,12234,9830,10342,11307,11673,12760,12947,11924
10,001e0610bbf9,AoT_Chicago,020,Western Ave & 69th St Chicago IL,41.768319,-87.683396,AoT Chicago (S) [C],2018/02/13 00:00:00,,443197.7811176321,4624279.126516199,9944,10604,11003,11456,13072,14094,13347,10586,11083,12027,12349,13775,14344,13301,10029,10498,11472,11782,13418,13881,12988,9691,10218,10851,11205,12409,13031,12204
11,001e0610bbff,AoT_Chicago,025,Western Ave & 18th St Chicago IL,41.857797,-87.685806,AoT Chicago (S),2017/12/15 00:00:00,,443076.74835869105,4634215.116656715,11231,11649,12641,13165,15004,15561,14484,10611,10974,11914,12359,14825,15134,13677,10883,11165,12268,12678,14647,15369,14042,10344,10786,11649,12021,13854,14174,13107
12,001e0610b9e7,AoT_Chicago,028,Western Blvd & 35th St Chicago IL,41.8303847,-87.684862,AoT Chicago (T),2017/02/02 00:00:00,,443130.8326800886,4631170.993554478,9532,9739,10680,10369,19557,14912,12444,9256,9480,10395,10326,15236,13023,11235,9523,9844,10287,10274,14746,13748,11485,8880,9188,10118,9948,13591,12010,10292
13,001e0610ba15,AoT_Chicago,02A,Jeffrey Ave & 95th St Chicago IL,41.722457,-87.57535,AoT Chicago (S) [C],2018/02/22 00:00:00,,452144.29550786066,4619121.603913834,9912,10503,11698,12228,14107,14536,13327,10073,10609,11745,12285,13825,14210,13209,9818,10376,11255,11794,13275,13608,12528,10006,10471,11478,11859,13553,13628,12505
14,001e0610bbe5,AoT_Chicago,02C,Martin Luther King Dr & 87th St Chicago IL,41.736495,-87.614529,AoT Chicago (S) [C],2018/02/16 00:00:00,,448896.6293068026,4620702.684595245,10025,10405,11491,11451,16489,14409,12857,8944,9536,10892,11269,14513,13985,12703,9444,9774,10583,10659,14340,13611,11890,9411,9908,10882,11090,14186,13439,11679
15,001e0610ee33,AoT_Chicago,02D,Damen Ave & Wilson Ave Chicago IL,41.965089,-87.679076,AoT Chicago (S) [C],2018/02/15 00:00:00,,443729.6694511372,4646123.091864169,9835,10069,10413,10005,18166,13746,11378,9284,9337,9837,9465,17387,12568,10649,9066,9192,9980,9619,16167,12814,10766,8220,8583,9577,9225,14094,11661,10206
16,001e0610b9e5,AoT_Chicago,02F,Sheridan Rd & Granville Ave Chicago IL,41.994597,-87.655523,AoT Chicago (S) [C],2017/11/28 00:00:00,,445706.42576260027,4649384.142730228,8944,9333,10440,10707,14637,13028,12073,8533,8894,9783,9944,13449,13837,12614,7996,8087,9957,10539,13587,13364,12327,8536,8978,9509,9369,10604,11280,10648
17,001e0610f8f4,AoT_Chicago,030,Halsted St & 34th St Chicago IL,41.832578999999996,-87.64613299999998,AoT Chicago (S) [C],2018/02/13 00:00:00,,446348.63679081085,4631389.705252999,11148,12083,12814,13435,16742,16649,15263,11319,11716,12697,13279,16968,17392,16071,11399,12414,12970,13184,18083,17057,15280,11141,11581,13288,13543,16789,16109,15050
18,001e0610ee41,AoT_Chicago,032,Wood St & Warren Blv Chicago IL,41.882304,-87.671773,AoT Chicago (S) [C],2017/12/01 00:00:00,,444262.81490281003,4636926.851347443,9891,10293,10914,11130,15244,13744,12185,9645,9971,10893,11104,14197,13455,12198,9584,9966,10698,10872,13358,13112,11658,9596,9879,10614,10709,12657,11927,11070
19,001e0610eef4,AoT_Chicago,034,Milwaukee Ave & Wabansia Ave Chicago IL,41.912681,-87.68105200000002,AoT Chicago (S),2017/10/09 00:00:00,,443519.7030533302,4640305.6087706145,12102,12770,13413,14189,16152,16997,15721,12067,12836,13370,14197,16196,17445,16589,11474,11965,12954,13526,14820,15487,14570,10545,11039,11948,12297,13552,14428,13479
20,001e0610ef29,AoT_Chicago,037,Martin Luther King Dr & 83rd St Chicago IL,41.743814,-87.61473199999998,AoT Chicago (S),2018/02/16 00:00:00,,448885.55252754886,4621515.393849295,10544,11084,12254,12801,14753,15192,14313,10527,10986,12430,13008,14859,15470,14501,10472,10911,11586,11971,14099,14223,13102,9970,10403,11064,11448,12893,13326,12542
21,001e0610f668,AoT_Chicago,038,Damen Ave & Archer Chicago IL,41.831827000000004,-87.675311,AoT Chicago (S),2017/12/15 00:00:00,,443925.18598451314,4631324.848352748,11161,11952,12258,12989,14231,14404,13521,11258,11494,12197,12793,13689,14444,13717,10453,10807,11725,12105,12877,13709,12944,9309,10160,11606,11984,12888,13777,12932
22,001e0610f730,AoT_Chicago,039,Campbell Ave & Addison St Chicago IL,41.94672,-87.69068,AoT Chicago (S),2017/03/31 00:00:00,,442751.6837478115,4644091.288524597,10714,11391,12506,12626,18198,17142,14838,10579,11114,11836,12285,16533,15555,13906,10585,11115,12466,12585,16447,15985,14408,9890,10362,11445,11845,14932,14450,13215
23,001e0610bc07,AoT_Chicago,03C,Kedzie Ave & 5th Ave Chicago IL,41.878372,-87.70604200000002,AoT Chicago (S),2017/11/20 00:00:00,,441415.8997935265,4636513.115980354,12454,13132,14812,15404,17459,18898,16942,11910,12645,14363,15315,17429,18212,16593,12252,12874,14015,14792,16862,17777,16300,11493,12233,13623,14367,16197,17584,15910
24,001e0610ef26,AoT_Chicago,03D,Halsted St & Randolph St Chicago IL,41.88431,-87.64743100000004,AoT Chicago (S),2017/12/01 00:00:00,,446284.16709137126,4637134.049192859,11605,12238,12972,13498,14854,15914,14354,11156,11888,12660,13163,14414,16000,14499,11065,11699,12814,13279,15121,15283,13470,10781,11392,12581,13153,15039,16045,13743
25,001e0610ea5a,AoT_Chicago,03E,606 Path & Milwaukee Ave Chicago IL,41.914202,-87.683048,AoT Chicago (S),2018/01/11 00:00:00,,443355.5169039079,4640475.798758728,10679,11327,12188,12320,18508,16611,14320,10174,10906,12607,12804,18575,17395,15448,10204,10756,12016,11952,17859,15261,13659,10045,10507,11273,11356,15746,13664,12154
26,001e0610ee61,AoT_Chicago,03F,Pulaski Rd & Madison St Chicago IL,41.880732,-87.72565999999998,AoT Chicago (S),2017/11/20 00:00:00,,439790.29485926306,4636788.718207353,10840,11042,12287,12602,14111,15295,14588,10060,10287,11355,11853,13735,14289,13449,9719,10180,11317,11909,13495,13762,13028,9437,9974,11253,11640,13371,14034,13042
27,001e0610ba81,AoT_Chicago,040,Lake Shore Drive & 85th St Chicago IL,41.741147999999995,-87.54045,AoT Chicago (S),2017/11/29 00:00:00,,455060.20189483423,4621177.945499111,10555,10703,11779,11861,16882,16362,13921,10156,10358,11198,11199,16563,15457,12910,10403,10643,11427,12040,15727,16948,14122,10520,10658,11310,11386,15609,15515,13119
28,001e0610ba57,AoT_Chicago,041,Western Ave & Madison St Chicago IL,41.881172,-87.686359,AoT Chicago (S),2017/11/20 00:00:00,,443051.5990826946,4636810.744387865,9866,10708,12294,12982,14024,15353,14216,10633,11146,12282,12903,14168,14907,13651,11571,12016,13745,14594,15468,15188,14173,10625,11237,12089,12535,13606,14266,12857
29,001e0610ee82,AoT_Chicago,048,Damen Ave & Webster Chicago IL,41.921405,-87.677766,AoT Chicago (S) [C],2018/02/15 00:00:00,,443799.870453984,4641272.059176626,11129,11809,12312,12685,15858,15937,14241,11028,11276,12060,12502,15625,15014,13658,10772,11099,12285,12615,14835,15902,14413,9770,10192,11225,11454,13139,13296,12317
30,001e0610ef27,AoT_Chicago,04C,Western Ave & 25th St Chicago IL,41.846579,-87.68555699999996,AoT Chicago (S) [C],2017/12/15 00:00:00,,443087.47224500467,4632969.452134141,11595,12496,12906,13371,17048,16603,15353,12009,12977,13438,14062,16314,18052,16602,10589,11297,12450,12832,15024,16223,14749,11416,11913,12694,13304,15085,15365,14163
31,001e0610fb4c,AoT_Chicago,04D,Leavitt St & Milwaukee Ave Chicago IL,41.913583,-87.682414,AoT Chicago (S),2017/10/09 00:00:00,,443407.5473257943,4640406.653862033,12292,12526,14292,14997,18790,17089,14397,10595,11128,12647,13059,17283,15652,13610,10924,11757,12274,12942,17083,15458,13336,9874,10391,11659,11970,14624,14033,12145
32,001e0610ee6f,AoT_Chicago,04E,Damen Ave & Chicago International Produce Market Chicago IL,41.846897,-87.673061,AoT Chicago (S),2017/11/20 00:00:00,,444125.128254746,4632996.5528794965,11541,11964,12983,13533,16349,20873,19003,11111,11506,12468,12989,15801,19899,17928,11265,12101,13276,13991,14987,14306,13126,22446,24319,26744,28729,30970,26565,14961
33,001e0610ef68,AoT_Chicago,04F,Ashland Ave & 18th St Chicago IL,41.857775,-87.66614399999996,AoT Chicago (S),2017/11/20 00:00:00,,444708.7225366403,4634199.825417027,12898,13452,15107,15917,16701,16467,14673,11313,12094,13264,13871,14788,15195,13747,11544,12116,13420,14059,15077,15284,13352,10478,11091,12052,12496,13561,13715,12652
34,001e0610e809,AoT_Chicago,050,Ashland Ave & Division St Chicago IL,41.903335,-87.6674,AoT Chicago (S),2017/10/09 00:00:00,,444643.8084323596,4639259.04199818,10850,11724,12397,13003,14270,14887,13737,10427,11056,12115,12727,13893,14792,13665,9779,10366,11671,11908,12606,13781,12720,9780,10360,11342,11590,12309,13330,12353
35,001e0610ee36,AoT_Chicago,051,Cottage Grove Ave & 79th St Chicago IL,41.751295,-87.605288,AoT Chicago (S) [C],2018/02/22 00:00:00,,449676.65923116665,4622340.4028024655,11692,12625,14386,14941,15802,18985,18144,13652,14412,15236,16188,17315,19479,19063,11720,12375,13479,14093,14929,15936,15526,10748,11563,12482,13074,14148,15343,14731
36,001e061135cb,AoT_Chicago,052,Ashland & 63rd St Chicago IL,41.779369,-87.66442099999998,AoT Chicago (S) [C],2018/02/13 00:00:00,,444784.4234995858,4625493.598886208,11499,12375,12958,13660,14996,15178,14143,11990,12508,12854,13344,14140,14386,13537,11202,12263,12925,13515,14716,14905,13493,11091,11537,12639,13187,14216,13539,12846
37,001e0610e532,AoT_Chicago,053,Racine Ave & 18th St Chicago IL,41.857959,-87.65642700000002,AoT Chicago (S) [C],2017/12/15 00:00:00,,445515.4130202569,4634214.04254307,10612,11342,11907,12251,14171,14745,13880,10826,11404,12214,12554,14284,15017,14103,9936,10252,11407,11528,12584,12978,12513,9764,10227,11103,11333,12292,11865,11435
38,001e0610e8cb,AoT_Chicago,054,Western Ave & Addison St Chicago IL,41.946731,-87.68825799999998,AoT Chicago (S) [C],2018/03/14 00:00:00,,442952.4466477489,4644090.894970795,11270,11677,12639,13044,13974,15307,14270,10920,11576,12123,12797,13986,14748,14052,10569,11256,11706,12223,13622,13634,13033,10304,10808,11917,12283,13341,13794,12918
39,001e0610ee5d,AoT_Chicago,056,Long Ave & Fullerton Ave Chicago IL,41.923996,-87.761072,AoT Chicago (S) [C],2018/02/23 00:00:00,,436894.67611792806,4641617.68564965,12725,12958,14629,14865,17098,16268,13881,11999,12476,13847,14478,17782,16208,13328,10306,10859,12007,12289,15433,14661,13077,10513,11014,12094,12145,14042,14009,12188
40,001e0610ef73,AoT_Chicago,057,7801 S Lawndale Ave Chicago IL,41.751142,-87.71299,AoT Chicago (S) [C] {ComEd},2017/01/01 00:00:00,2018/08/15 00:00:00,440722.1789677843,4622392.014599709,12813,13528,15649,16120,17872,18243,16468,12617,13374,14582,15185,17208,17238,15177,12073,12784,14548,15252,16192,16372,14757,11672,12217,12787,13381,15193,14052,12743
41,001e0610e540,AoT_Chicago,05A,Fort Dearborn Dr & 31st St Chicago IL,41.838618,-87.607817,AoT Chicago (S) [C],2017/11/29 00:00:00,,449534.9468558996,4632036.97234877,10729,11003,12637,12570,18917,16212,13719,10451,10609,12710,12718,18087,16234,14021,11464,11920,13160,13658,16993,16029,14216,11115,11521,12249,12713,15527,14845,13067
42,001e0610f6dd,AoT_Chicago,05D,Pulaski Rd & Chicago Ave Chicago IL,41.895355,-87.72606400000002,AoT Chicago (S) [C],2018/02/06 00:00:00,,439770.5114068563,4638412.559286393,10095,10636,11341,11660,13434,13874,13118,9520,9908,11094,11374,12496,13317,12763,9518,9956,10697,10806,12166,12444,11790,9987,10393,11136,11228,12299,12334,11570
43,001e06113ad8,AoT_Chicago,062,Ashland Ave & Roosevelt Rd Chicago IL,41.866786,-87.666306,AoT Chicago (S) [C],2018/02/27 00:00:00,,444703.0407841397,4635200.394210489,10985,11344,11926,12270,13799,13973,13240,10345,10823,11601,11996,13384,13758,12939,10617,11064,11808,12178,14183,13835,12912,10562,11109,12108,12463,13775,13913,12898
44,001e0611441e,AoT_Chicago,067,Ashland Ave & 47th Chicago IL,41.808594,-87.665048,AoT Chicago (S) [C],2018/02/27 00:00:00,,444757.4188869604,4628738.727983202,9207,9926,11140,11515,14356,14100,13055,9861,10299,11019,11314,13135,13408,12419,9188,9780,10738,11058,13014,12939,11965,9489,9950,10817,10966,12474,12129,11292
45,001e06113d83,AoT_Chicago,06A,Clybourn Ave & North Ave Chicago IL,41.910922,-87.649518,AoT Chicago (S) [C],2018/02/23 00:00:00,2018/05/16 00:00:00,446133.38160955074,4640090.025544582,10009,10638,12429,13138,14269,14703,14174,8695,9789,11718,12503,14065,14431,13652,9551,10316,11318,11997,13644,13676,13086,9756,10511,11863,12218,13086,13790,13011
46,001e06112e77,AoT_Chicago,06B,Ashland Ave & 59th St Chicago IL,41.786756,-87.664343,AoT Chicago (S) [C],2018/02/26 00:00:00,,444797.24221229623,4626313.694150627,9919,10594,11883,12365,15013,14788,13856,10147,10620,11411,11834,14240,14033,13054,10260,10789,11777,12302,14015,14586,13461,10060,10615,11688,12148,13835,14275,13229
47,001e0610f6db,AoT_Chicago,06D,Hutchinson Commons UChicago Chicago IL,41.791329,-87.598677,AoT Chicago (S) [C] {UChicago},2018/03/15 00:00:00,,450257.2363252739,4626781.336538519,9703,9723,10850,10444,20362,14934,12103,9266,9429,10282,10103,18496,13884,11092,9155,9241,10213,9731,18197,13847,10929,8822,8971,9752,9463,16512,12643,10171
48,001e06115365,AoT_Chicago,06E,UChicago Chicago IL,41.78843,-87.59913,AoT Chicago (S) [C] {UChicago},2018/04/02 00:00:00,,450217.3544334228,4626459.735906206,10117,10221,11248,12080,16388,14956,13447,9578,9714,10488,11112,15333,13561,12115,9896,10037,10653,11050,16261,14276,12121,9340,9456,10199,10526,13307,12572,11596
49,001e06113cff,AoT_Chicago,070,7801 S Lawndale Ave Chicago IL,41.751142,-87.71299,AoT Chicago (S) [CA] {ComEd},2017/01/01 00:00:00,2018/04/01 00:00:00,440722.1789677843,4622392.014599709,12813,13528,15649,16120,17872,18243,16468,12617,13374,14582,15185,17208,17238,15177,12073,12784,14548,15252,16192,16372,14757,11672,12217,12787,13381,15193,14052,12743
50,001e0611537d,AoT_Chicago,071,Ratner Hall UChicago Chicago IL,41.794167,-87.601646,AoT Chicago (S) [C] {UChicago},2018/03/15 00:00:00,,450012.752680096,4627098.149092458,15048,16251,17770,18611,19663,18195,16466,14573,15689,17062,18094,19225,18801,16679,13684,14709,16064,16607,17584,17790,15423,12251,13129,14542,14992,15806,15212,14087
51,001e06113107,AoT_Chicago,072,7801 S Lawndale Ave Chicago IL,41.751142,-87.71299,AoT Chicago (S) [CA] {ComEd},2017/01/01 00:00:00,,440722.1789677843,4622392.014599709,12813,13528,15649,16120,17872,18243,16468,12617,13374,14582,15185,17208,17238,15177,12073,12784,14548,15252,16192,16372,14757,11672,12217,12787,13381,15193,14052,12743
52,001e06114fd4,AoT_Chicago,073,Martin Luther King Dr & Garfield Blvd Chicago IL,41.794477,-87.615957,AoT Chicago (S) [C],2018/03/08 00:00:00,,448823.97684694367,4627140.987401456,9931,10128,11070,10746,18220,14461,12446,9985,10233,10817,10794,16152,13913,11892,10013,10233,11058,11312,15167,14725,12828,10036,10232,11149,11233,14183,13639,12242
53,001e0610890f,AoT_Chicago,074,"UChicago, Smart Museum Chicago IL",41.793278,-87.600117,AoT Chicago (S) [C] {UChicago},2018/04/12 00:00:00,,450139.09987200494,4626998.559447402,15031,15835,17981,18439,23120,18737,14921,13013,13802,15075,15278,21228,18194,13903,15533,16920,17219,18264,22670,18818,14547,12551,13273,15937,16263,19947,19110,14496
54,001e06113ad6,AoT_Chicago,075,Milwaukee Ave & Wood St Chicago IL,41.906481,-87.671373,AoT Chicago (S) [C],2018/03/09 00:00:00,,444317.0078052679,4639610.907008866,12446,13853,14314,15079,17527,18494,15932,13459,14025,14829,15813,17713,17544,15532,11732,12296,13744,14058,15209,15996,14401,10106,10840,12857,13251,14292,14824,12989
55,001e06109f62,AoT_Chicago,076,Pulaski Rd & 27th St Chicago IL,41.84241,-87.724499,AoT Chicago (S) [C],2018/07/18 00:00:00,,439850.72101070033,4632533.1216338985,9155,9567,10788,10805,15712,14704,13122,9853,10045,10715,10867,13679,13111,12269,9157,9477,10356,10505,13405,12811,11695,9946,10178,10838,10766,13129,12108,11454
56,001e06113ace,AoT_Chicago,077,Martin Luther King Dr & 35th St Chicago IL,41.831070000000004,-87.617298,AoT Chicago (S) [C],2018/03/08 00:00:00,,448741.7447949524,4631204.559164874,10944,11465,12268,12799,14543,14723,13955,10594,11012,11879,12382,13922,14313,13372,10172,10705,11394,11832,13798,13988,13002,10300,10708,11607,11938,13650,13798,12822
57,001e061146bc,AoT_Chicago,079,Ashland Ave & Elston Ave Chicago IL,41.918733,-87.668257,AoT Chicago (S) [C],2018/02/28 00:00:00,,444586.04569784977,4640969.203837937,13201,14269,15666,16179,18019,18945,18138,12678,13721,15266,16009,17968,22567,21051,10893,11281,12629,12892,14430,15634,14694,11411,12108,12626,13103,14710,15514,14554
58,001e06113a24,AoT_Chicago,07A,"UChicago, Oriental Museum Chicago IL",41.788979,-87.597995,AoT Chicago (S) [C] {UChicago},2018/04/12 00:00:00,,450312.0876896647,4626520.032305478,10291,10947,11793,11922,17732,15661,12796,10174,10489,11328,11484,16750,14578,11964,10507,10704,12056,12020,16513,15355,12471,10148,10253,11218,11289,14336,13037,10966
59,001e061144cd,AoT_Chicago,07B,Ashland Ave & Harrison St Chicago IL,41.8742,-87.666599,AoT Chicago (S) [C],2018/05/31 00:00:00,,444685.11686204444,4636023.738468813,13947,15325,16145,17270,21693,19343,16537,12825,13370,15005,15924,19065,17613,14764,12499,13355,14458,15159,18438,18548,15124,11369,12160,13738,14446,16794,17124,14066
60,001e061146cb,AoT_Chicago,07C,606 Path & Miwaukee Ave Chicago IL,41.9140942,-87.683022,AoT Chicago (S) [C],2018/01/11 00:00:00,,443357.5777517145,4640463.812763096,10679,11327,12188,12320,18508,16611,14320,10174,10906,12607,12804,18575,17395,15448,10204,10756,12016,11952,17859,15261,13659,10045,10507,11273,11356,15746,13664,12154
61,001e061144d6,AoT_Chicago,07D,93rd St & Cottage Grove Ave Chicago IL,41.729355,-87.604647,AoT Chicago (S) [C],2018/03/30 00:00:00,,449712.8373097751,4619904.149872069,11320,11757,12967,13300,15647,16964,15506,11408,11933,12783,13387,15280,15807,14520,10566,11137,12133,12626,14941,15230,14068,10206,10674,11939,12335,14146,15472,14392
62,001e0610e539,AoT_Chicago,07E,Cicero Ave & Madison St Chicago IL,41.880497,-87.74526800000002,AoT Chicago (S) [C],2018/02/05 00:00:00,,438163.13669985626,4636776.569104297,10311,10870,11683,11961,13885,14043,13613,10852,11229,11417,11946,13525,14181,14169,10197,10629,11682,11829,13125,13652,12964,10088,10509,11135,11364,12484,12716,12162
63,001e0610f703,AoT_Chicago,07F,Damen Ave & Polk St Chicago IL,41.87148,-87.67644,AoT Chicago (S) [C],2018/02/06 00:00:00,,443866.1192242118,4635728.133235407,10633,11215,12258,12735,15244,15449,14187,10481,10926,11918,12324,14452,14733,13365,10623,11212,12119,12408,14870,15215,13653,10334,10776,11790,12154,14263,14199,13084
64,001e0610b9e9,AoT_Chicago,080,Broadway Ave & Lawrence Ave Chicago IL,41.96904,-87.659672,AoT Chicago (S) [C],2018/02/14 00:00:00,,445340.93002014153,4646549.20609282,13632,14275,16963,17389,17257,19628,19850,14802,15641,19062,20332,21428,27197,25840,12603,12637,15034,15991,15862,16376,16338,10020,11297,12225,12226,13115,15678,14595
65,001e0611462f,AoT_Chicago,081,Wallace St & Pershing Rd Chicago IL,41.823527,-87.641054,AoT Chicago (S) [C],2018/02/27 00:00:00,,446762.87197689665,4630381.535500153,11600,12364,13476,14269,15513,16967,15891,11901,12562,13635,14208,15634,16874,15901,10622,11559,12814,13489,15266,16196,14935,11243,11791,12696,13308,14842,15509,14536
66,001e06115369,AoT_Chicago,082,Pulaski Rd & Addison St Chicago IL,41.946373,-87.72738199999998,AoT Chicago (S) [C],2018/02/23 00:00:00,,439709.2249362818,4644077.926996998,12346,13278,14388,15145,15549,16966,16785,11319,12060,14551,15072,15843,18948,17857,11423,11716,12737,12816,13461,14338,14500,10429,10968,11862,12050,13073,13872,13266
67,001e06113d78,AoT_Chicago,083,Cottage Grove Ave & 95th St Chicago IL,41.722044,-87.60448199999998,AoT Chicago (S) [C],2018/05/31 00:00:00,,449720.8602226449,4619092.355194566,11132,11636,12551,13012,14860,15192,13977,10320,10844,11949,12438,13955,14587,13806,10786,11233,11826,12373,14197,13969,13094,10779,11510,13138,13883,15800,16177,14998
68,001e0610bc12,AoT_Chicago,085,Ashland Ave & 79th St Chicago IL,41.75034,-87.66351800000002,AoT Chicago (S) [C],2018/02/08 00:00:00,2019/05/23 00:00:00,444834.6047250101,4622270.070482082,10174,11034,12045,12617,13850,14642,13792,4951,6965,10354,11119,12658,13921,13384,10204,10619,11511,11860,12713,13427,12598,10106,10654,11631,12070,12921,13373,12503
69,001e0610e835,AoT_Chicago,086,Damen Ave & Lawrence Ave Chicago IL,41.968757000000004,-87.679174,AoT Chicago (S) [C],2018/02/15 00:00:00,,443724.7771521852,4646530.4107940495,14287,15317,16228,17969,20096,18236,16237,13279,14882,15055,16695,19193,19339,16864,12444,13398,14543,15287,17152,19589,15676,13074,13452,14787,15746,17351,18678,15912
70,001e0610e538,AoT_Chicago,087,Cottage Grove Ave & 87th St Chicago IL,41.736593,-87.604759,AoT Chicago (S) [C],2018/02/16 00:00:00,,449709.1687937117,4620707.809849299,9701,10308,11400,11724,14725,14175,13114,10326,10593,11352,11649,13303,13788,12812,9859,10210,10792,11223,12770,12760,11875,9665,10108,10978,11219,13249,12870,11876
71,001e0610eef2,AoT_Chicago,088,Clark St & Wilson Ave Chicago IL,41.965256,-87.66672,AoT Chicago (S) [C],2018/02/14 00:00:00,,444753.67500506307,4646133.592805648,10794,11473,12913,13172,15219,17373,16011,11907,12716,12926,13595,15214,16889,16013,10455,11201,11980,12267,13939,14840,14298,10425,10978,12121,12584,13832,14955,14304
72,001e061130f4,AoT_Chicago,089,Chicago Ave & Noble St Chicago IL,41.896157,-87.662391,AoT Chicago (S) [C],2018/02/06 00:00:00,,445053.118862252,4638458.864812924,12205,12864,13612,14440,16910,16585,15270,12062,12667,13438,14067,16274,16470,14991,10631,11273,12633,13129,15075,15855,14307,10311,10881,12067,12549,14040,14690,13604
73,001e0610ee43,AoT_Chicago,08B,UChicago Chicago IL,41.788608,-87.598713,AoT Chicago (S) [C] {UChicago},2018/02/23 00:00:00,,450252.1413761367,4626479.257066012,9253,9265,10122,9724,20790,14406,11693,8988,9045,9682,9556,18797,13969,11040,9509,9483,9958,10211,17427,13542,11578,8924,8995,9622,9408,15493,12065,10217
74,001e0610f05c,AoT_Chicago,08C,Western Ave & Fullerton Ave Chicago IL,41.924903,-87.687703,AoT Chicago (S) [C],2018/02/07 00:00:00,,442979.00814750826,4641666.996091221,11990,12519,13432,13977,15487,16628,15721,12568,13133,14155,14864,16432,18079,16847,11865,12202,13000,13482,14824,15569,14471,10865,11309,12333,12752,14001,14649,13696
75,001e0610f732,AoT_Chicago,08D,Cicero Ave & Chicago Ave Chicago IL,41.895005,-87.745817,AoT Chicago (S) [C],2018/02/05 00:00:00,,438131.584729196,4638387.754912111,11751,11973,13236,13329,13964,14810,14756,9819,10334,12033,12346,13418,14946,14068,10597,10776,11736,11699,12739,13231,13237,10332,10759,11344,11566,12662,12802,12074
76,001e06113100,AoT_Chicago,08E,Cottage Grove Ave & 111th St Chicago IL,41.692769,-87.609852,AoT Chicago (S) [C],2018/02/08 00:00:00,,449251.1785738375,4615845.280382586,10581,10918,11385,11550,16014,14318,12709,9859,10210,10795,10994,15263,13833,12301,9385,9742,10618,10551,15361,13699,12301,9579,9902,11192,11321,15046,14093,12495
77,001e0610e537,AoT_Chicago,08F,Clark St & Montrose Ave Chicago IL,41.961622,-87.665948,AoT Chicago (S) [C],2018/02/14 00:00:00,,444814.5095478397,4645729.616096698,13420,14360,14239,15220,16707,16894,16145,13221,13822,15492,16819,17936,20264,19552,11184,11767,12503,12907,13840,15762,14677,11261,11740,12685,12944,13775,14963,14155
78,001e0610f513,AoT_Chicago,090A,Milwaukee & Belmont Chicago IL,41.939121,-87.723801,AoT Chicago (S) [C],2018/02/28 00:00:00,,439999.2473537047,4643270.234093211,11569,12174,13181,13661,14502,15714,15246,11621,11913,12886,13531,15172,16864,15793,10383,10805,11835,11861,13425,14223,13586,10448,10882,11680,11769,12823,13383,12530
79,001e06109416,AoT_Chicago,090B,Elston and Cortland Chicago IL,41.916585999999995,-87.66640600000002,AoT Chicago (S) [C],2018/01/01 00:00:00,,444737.6848214139,4640729.63215734,11574,12414,13749,14702,15562,18342,17994,11996,12634,13791,14600,15658,19760,19912,11209,12016,13178,13851,14818,17790,17378,11113,11540,12615,13218,13958,16022,15806
80,001e061146d6,AoT_Chicago,091A,Halsted St & Division St Chicago IL,41.903632,-87.648093,AoT Chicago (S) [C],2018/02/28 00:00:00,,446245.44664296677,4639279.7386749685,10714,11418,12822,13263,16755,16346,14651,10254,10873,12463,12936,16526,16142,14203,10704,11206,12461,12801,16205,15480,13869,9918,10594,11736,12033,14781,14676,12957
81,001e06113d22,AoT_Chicago,092,Kedzie Ave & 51st St Chicago IL,41.800846,-87.703739,AoT Chicago (S) [C],2018/03/02 00:00:00,,441536.4682411264,4627904.092031173,10942,11764,12456,13080,14686,16435,14787,11087,11610,12195,12936,14558,14965,14000,10720,11498,12376,12799,14330,15396,14050,10415,10932,12409,13107,14289,15083,13998
82,001e06113ae8,AoT_Chicago,093,"UChicago, Law School Chicago IL",41.795435999999995,-87.599623,AoT Chicago (S) [C] {UChicago},2018/04/12 00:00:00,,450181.8153455569,4627237.866200221,10762,11061,12351,12507,19034,16695,14153,10079,10401,10612,10600,17884,14538,12349,9795,10089,10943,11114,16829,15246,12836,9343,9702,10785,10809,15368,14012,11829
83,001e06113d20,AoT_Chicago,094,Ohio St & Grand Ave Chicago IL,41.892003100000004,-87.6116431,AoT Chicago (S) [C],2018/05/17 00:00:00,,449259.50635786477,4637966.411928482,10643,11212,11884,12018,17790,15568,13529,10856,11153,11797,12059,16210,15248,13345,10137,10670,11597,11764,15720,14738,12973,10068,10524,11450,11640,14954,13886,12399
84,001e06114503,AoT_Chicago,095,Ave O & 126th Chicago IL,41.66607800000001,-87.539374,AoT Chicago (S) [C],2018/03/02 00:00:00,,455097.4750008324,4612842.836516855,9465,9925,10859,10829,15881,13984,12160,9303,9449,10298,10106,16909,13537,11357,9368,9684,10391,10017,17197,13887,11424,9514,9730,10629,10723,15700,13972,11497
85,001e06113dbc,AoT_Chicago,096,Ave L & 100th St Chicago IL,41.713867,-87.536509,AoT Chicago (S) [C],2018/03/01 00:00:00,,455369.02944909385,4618147.045605225,11583,12182,13239,14073,14934,15859,14577,11531,11963,12850,13518,14774,15876,14461,11156,11650,12562,13280,14589,15253,13931,10662,11143,12134,12632,14057,14758,13380
86,001e061144c0,AoT_Chicago,097,Pulaski Rd & 71st St Chicago IL,41.764122,-87.72242,AoT Chicago (S) [C],2018/03/02 00:00:00,,439950.2679816088,4623839.661241435,10245,10693,11552,12079,13460,14489,13337,10344,10706,11499,11798,13139,13706,12935,9891,10404,10959,11363,13047,13096,12262,10083,10502,11162,11438,13035,13164,12192
87,001e06114fcf,AoT_Chicago,098,Lake Shore Drive & Irving Park Rd Chicago IL,41.954825,-87.645248,AoT Chicago (S) [C],2018/05/07 00:00:00,,446524.19369812636,4644961.828942156,9168,9486,10986,10855,18986,14847,12557,9188,9661,10907,11007,16482,14545,12415,9011,9582,10413,10591,15450,14634,12303,8896,9354,10347,10318,14279,13117,11356
88,001e061146d4,AoT_Chicago,099,Torrence Ave & Brainard Ave Chicago IL,41.65849,-87.559113,AoT Chicago (S) [C],2018/05/31 00:00:00,,453448.7454930743,4612010.866937196,10901,11371,12656,13223,15537,15334,14208,11301,11676,12675,13098,15876,15467,13919,11122,11459,12402,13004,14505,15256,13848,10505,11103,12352,12906,14265,15005,13780
89,001e06109401,AoT_Chicago,09A,Cottage Grove Ave & 115th St Chicago IL,41.685445,-87.611081,AoT Chicago (S) [C],2018/05/31 00:00:00,,449143.1387729967,4615032.868599727,11108,11492,12427,12759,14424,14943,14414,10685,11069,11968,12344,14517,14783,13818,10471,10872,11218,11514,12938,13927,13010,9799,10328,11017,11391,12812,13354,12821
90,001e06115382,AoT_Chicago,09B,State St & Monroe St Chicago IL,41.880759999999995,-87.62775,AoT Chicago (S) [C],2018/03/23 00:00:00,,447914.17777975835,4636727.770296655,10708,11399,13182,13593,15349,15780,13948,9468,9814,10631,10917,12301,12184,11164,9548,9882,11005,11371,12089,11898,11127,8992,9412,9954,9838,10595,11467,10391
91,001e06113cf1,AoT_Chicago,09C,State St & Randolph St Chicago IL,41.884688,-87.627864,AoT Chicago (S) [C],2018/03/23 00:00:00,,447907.9095835493,4637163.9547875095,10436,10914,11902,12330,13514,13786,12046,8842,9155,9454,9601,10678,10135,10036,9511,10091,11006,11486,12875,12452,11728,8580,8953,9948,9851,10293,11634,10584
92,001e06113acb,AoT_Chicago,09D,Ashland Ave & 31st Pl Chicago IL,41.839065999999995,-87.665685,AoT Chicago (S) [C],2018/04/12 00:00:00,,444730.7188028911,4632122.330451728,11643,12140,13110,13641,15236,15146,14193,10623,11147,12247,12568,13784,14643,13812,10562,11077,11794,12287,14146,14058,12795,10197,10698,11387,11559,13019,12795,11776
93,001e06113f54,AoT_Chicago,0A0,Michigan Ave & Randolph St Chicago IL,41.884607,-87.624577,AoT Chicago (S) [C],2018/05/07 00:00:00,,448180.55836915126,4637152.971503886,11646,12469,14147,14919,15745,16888,15645,10342,10897,12141,12494,13474,14897,13546,11876,12420,13633,14259,14885,15890,14671,10629,11246,12227,12557,13338,13611,12245
94,001e06114500,AoT_Chicago,0A1,Halsted St & 99th St Chicago IL,41.714494,-87.64309899999998,AoT Chicago (S) [C],2018/03/13 00:00:00,,446502.528517053,4618277.396836766,10108,10711,11836,12232,14137,14361,13109,10299,10762,11995,12589,14069,14460,13359,9987,10503,11412,11879,13418,14077,12936,9767,10183,11181,11520,12575,13526,12622
95,001e06113d32,AoT_Chicago,0A2,Western Ave & Addison St Chicago IL,41.947066,-87.688326,AoT Chicago (S) [C],2018/03/14 00:00:00,,442947.10901156906,4644128.134844297,11667,12493,12874,13729,16364,15909,14112,10747,11220,12606,13124,14920,15228,13632,10835,11526,12520,12869,14761,15561,13538,9971,10511,11471,11833,13276,13833,12461
96,001e061146ba,AoT_Chicago,0A3,Long Ave & Lawrence Ave Chicago IL,41.96759,-87.76257,AoT Chicago (S) [P],2018/03/15 00:00:00,,436813.5291427284,4646458.981665631,13013,14229,15314,16241,19493,19320,16260,10940,12126,13400,14021,16201,16816,15009,11920,13372,13502,15025,17942,18408,14975,10263,10905,12862,13379,15813,15609,13676
97,001e06113a48,AoT_Chicago,0A4,Western Ave & Roscoe Ave Chicago IL,41.943263,-87.688069,AoT Chicago (S) [P],2018/03/15 00:00:00,,442965.02139856614,4643705.721817495,10523,11048,11876,12155,14559,14846,13823,10440,10783,11598,11924,14333,14265,13174,10470,10955,11637,12008,14220,14427,13367,9956,10371,11386,11731,13368,13494,12672
98,001e06113ba6,AoT_Chicago,0A5,Ashland Ave & Washington Chicago IL,41.883540999999994,-87.666748,AoT Chicago (S) [P],2018/03/19 00:00:00,,444680.8096273353,4637060.94085245,9844,10175,11240,11353,17484,13903,12043,9431,9799,10780,10767,16188,13406,11346,9710,10113,10770,11137,16232,13859,11586,9216,9685,10427,10482,13784,12641,10933
99,001e06115379,AoT_Chicago,0A6,N Wells St & W Washington St Chicago IL ,41.88326,-87.63387,AoT Chicago (S) [P],2018/03/27 00:00:00,,447408.43552984507,4637009.070958571,10721,11440,12216,13321,15015,15178,13705,10048,10230,10898,11563,12396,12862,11869,9374,10087,10600,11301,12625,14394,12487,8121,8466,9676,9713,9941,10326,9688
100,001e06114fd6,AoT_Chicago,0A7,Upper Wacker Dr & Randolph St Chicago IL,41.88449,-87.636955,AoT Chicago (S) [P],2018/05/07 00:00:00,,447153.4885889328,4637147.529789696,9165,9442,10000,10266,11475,10658,10716,9407,9779,10470,10436,10306,11898,12134,9090,9315,9735,9749,11000,10108,9758,9150,9535,10306,10305,10517,12646,11437
101,001e0611463b,AoT_Chicago,0A9,"UChicago, Shapiro Hall Chicago IL",41.789737,-87.58713399999998,AoT Chicago (S) [CP] {UChicago},2018/12/04 00:00:00,,451215.1157483112,4626597.969713976,11148,11617,12831,12391,18545,17445,14162,9784,10417,12468,11937,18705,15419,12247,9978,10608,12237,12343,17979,15637,12513,9757,10170,11039,11390,15583,14464,11829
102,001e0611536c,AoT_Chicago,0AA,Dearborn St & Lake St Chicago IL,41.88575,-87.62969,AoT Chicago (S) [P],2018/05/08 00:00:00,,447757.27608828776,4637282.975892556,11905,12450,14766,15242,16477,16598,14900,11311,11820,12672,13450,15378,14259,12952,12403,13021,14746,15684,16747,15121,13613,9350,10018,11346,11779,12826,12689,11811
103,001e06114fd9,AoT_Chicago,0AC,Lake Shore Drive & Fullerton Ave Chicago IL,41.92617,-87.63153299999998,AoT Chicago (S) [C],2018/06/04 00:00:00,,447637.4092326965,4641771.842005582,9057,9773,11562,11567,17752,15709,13247,8597,9186,10346,10419,16616,14858,12126,8824,9372,10993,11437,16235,15892,13494,8130,8738,10271,10397,15981,14653,12277
104,001e0611850f,AoT_Chicago,0AF,111th St & Martin Luther King Dr Chicago IL,41.692837,-87.613419,AoT Chicago (S) [CP],2019/06/24 00:00:00,,448954.40318091516,4615854.937665678,10895,11188,12021,12329,16497,15975,14162,10112,10492,11491,11834,16202,15743,13870,10233,10585,11768,12264,16041,15446,13966,9797,10124,11162,11295,15453,14479,12691
105,001e06118501,AoT_Chicago,0B0,Morgan Ave & 63rd St Chicago IL,41.779804999999996,-87.64914499999998,AoT Chicago (S) [CP],2019/04/25 00:00:00,,446054.28118302964,4625532.309907671,16467,18023,18526,20258,23903,20218,15216,16657,17707,21026,23122,26215,20692,14754,15965,18313,18571,20114,24174,20721,14257,13152,14310,16436,17025,19061,18563,13122
106,001e0611856d,AoT_Chicago,0B3,107th St & Longwood Ave Chicago IL,41.699234000000004,-87.671154,AoT Chicago (S) [CP],2019/06/25 00:00:00,,444155.50078727235,4616600.981565385,9662,9735,10878,10545,19469,14944,12581,9411,9600,10454,10357,17408,14451,12107,9716,9918,10578,10649,16332,14748,12232,9199,9488,10348,10261,15671,13626,11582
107,001e061184a3,AoT_Chicago,0B4,99th St & Beverly Blvd Chicago IL,41.714021,-87.659612,AoT Chicago (S) [CP],2019/06/25 00:00:00,,445128.4524275845,4618235.274263699,9657,9951,10985,11020,16143,13949,12189,9804,10031,10753,10756,15388,13317,11404,9296,9652,10592,10788,14851,13304,11678,9556,9808,10582,10735,14421,12617,11136
108,001e06117b44,AoT_Chicago,0B5,95th St & Ashland Ave Chicago IL,41.721301000000004,-87.66263000000002,AoT Chicago (S) [CP],2019/06/25 00:00:00,,444883.6116134727,4619045.458483365,10030,10911,12624,13043,16017,15287,14430,9930,10433,11498,11899,13569,14867,14032,9787,10468,11534,12023,13530,14259,13358,9827,10207,11367,11647,13199,14132,13352
109,001e061183f3,AoT_Chicago,0B7,103rd & Western Ave Chicago IL,41.706381,-87.681606,AoT Chicago (S) [CP],2019/06/25 00:00:00,,443292.0998765504,4617401.300041462,9993,10621,11743,12161,14263,14503,13325,10174,10574,11384,11758,14229,14376,13096,9497,10065,11104,11491,14122,14008,12777,9586,10151,11259,11690,14026,13343,12435
110,001e06117b41,AoT_Chicago,0BA,60th & Michigan Ave Chicago IL,41.785715,-87.622214,AoT Chicago (S) [CP],2019/05/16 00:00:00,,448297.07904586056,4626171.92545552,10072,10725,12061,12362,15756,15255,13650,10125,10471,11592,11850,14568,14554,13165,10177,10582,11464,11695,14654,14676,13132,9980,10280,11195,11424,13817,13570,12291
111,001e061182a1,AoT_Chicago,0BD,Garfield Blvd & Michigan Ave Chicago IL,41.794467,-87.622479,AoT Chicago (S) [CP],2019/05/16 00:00:00,,448282.09411767486,4627143.780259969,9869,10044,11474,11441,17181,14903,13287,9670,9992,11227,11462,15854,14351,12791,10053,10233,11209,11488,14796,14639,12954,9012,9504,10804,10905,14033,13586,12396
112,001e061183eb,AoT_Chicago,0BE,63rd St & Halsted Ave Chicago IL,41.779889000000004,-87.644777,AoT Chicago (S) [CP],2019/05/16 00:00:00,,446417.34557362203,4625538.9050250845,11954,13127,13975,14782,16750,16799,13901,12770,13658,14218,14820,16650,15731,13439,10642,11887,13569,14145,16403,16436,13672,11039,11943,12736,13682,15707,15274,12913
113,001e061183f5,AoT_Chicago,0BF,111th & Michigan Ave Chicago IL,41.692703,-87.62102,AoT Chicago (S) [CP],2019/06/24 00:00:00,,448321.77662990754,4615844.592796921,10201,11036,12397,13025,14196,15490,14546,10868,11511,12842,13691,14730,15506,14395,10326,10824,11795,12307,13470,14053,13390,9887,10572,11618,12141,13375,14119,13221
114,001e061182a7,AoT_Chicago,0C0,111th & Vincennes Chicago IL,41.691803,-87.663723,AoT Chicago (S) [CP],2019/06/24 00:00:00,,444767.4554918455,4615771.171941947,8818,9086,10369,9927,20761,15278,11685,8632,8873,9756,9875,17690,15716,11755,9527,9825,10861,11583,18586,19221,14145,8463,8696,9643,9281,17924,14842,10931
115,001e06118509,AoT_Chicago,0C2,Racine Ave & 63rd St Chicago IL,41.779744,-87.654487,AoT Chicago (S) [CP],2019/04/25 00:00:00,,445610.29267988016,4625528.902415955,10294,10596,11562,11540,17629,14925,12944,10554,10816,11234,11300,16453,14731,12775,10548,10775,11259,11444,15675,14677,12873,8817,9302,10906,11140,14440,13436,12074
116,001e06118182,AoT_Chicago,0C3,Loomis Ave & 63rd St Chicago IL,41.779593,-87.65935400000002,AoT Chicago (S) [CP],2019/04/25 00:00:00,,445205.7007353949,4625515.227432547,10281,10839,11757,11947,16157,14835,13161,10278,10541,11358,11633,15608,13854,12457,9614,10065,10902,11015,15602,13833,12152,9667,10079,11127,11259,14745,13700,12023
117,001e061184e7,AoT_Chicago,0E1,Kostner Ave & 31st St Chicago IL,41.836875,-87.734087,AoT Chicago (S) [CP],2019/04/25 00:00:00,,439049.4499247301,4631925.347872926,8776,9303,10291,9595,20841,14008,11775,9543,9914,11233,11528,16878,15600,12844,10176,10487,11323,11812,16792,16381,13122,9473,9894,10784,10500,16878,14313,11602
118,001e06118295,AoT_Chicago,0EA,Pershing Rd & Damen Ave Chicago IL,41.820972,-87.802435,AoT Chicago (S) [CP],2019/04/25 00:00:00,,433358.0476025088,4630210.4473811975,10291,10853,11421,11918,12972,13623,12931,9594,10095,11253,11637,12679,13130,12400,9894,10484,10993,11518,12379,12944,11897,9623,10106,11043,11336,12300,12487,11829
119,001e061182a3,AoT_Chicago,0F2,ComEd Training Center,41.829806,-87.659467,AoT Chicago (S) [CP] {ComEd},2019/04/25 00:00:00,,445239.0851780891,4631090.242888472,10585,11008,11864,12233,15061,14693,13214,10084,10523,11555,11949,14662,14888,13502,9826,10550,11828,12436,14748,15143,13663,10157,10696,11780,12105,14467,14500,13121
120,001e061181e8,AoT_Chicago,10C,ComEd Training Center,41.829806,-87.659467,AoT Chicago (S) [CP] {ComEd},2019/04/25 00:00:00,,445239.0851780891,4631090.242888472,10585,11008,11864,12233,15061,14693,13214,10084,10523,11555,11949,14662,14888,13502,9826,10550,11828,12436,14748,15143,13663,10157,10696,11780,12105,14467,14500,13121
121,001e06118433,AoT_Chicago,10E,ComEd Training Center,41.829806,-87.659467,AoT Chicago (S) [CP] {ComEd},2019/04/25 00:00:00,,445239.0851780891,4631090.242888472,10585,11008,11864,12233,15061,14693,13214,10084,10523,11555,11949,14662,14888,13502,9826,10550,11828,12436,14748,15143,13663,10157,10696,11780,12105,14467,14500,13121
122,001e061183bf,AoT_Chicago,11A,ComEd Training Center,41.829806,-87.659467,AoT Chicago (S) [CP] {ComEd},2019/04/25 00:00:00,,445239.0851780891,4631090.242888472,10585,11008,11864,12233,15061,14693,13214,10084,10523,11555,11949,14662,14888,13502,9826,10550,11828,12436,14748,15143,13663,10157,10696,11780,12105,14467,14500,13121
123,001e0611804d,AoT_Chicago,11E,ComEd Training Center,41.829806,-87.659467,AoT Chicago (S) [CP] {ComEd},2019/04/25 00:00:00,,445239.0851780891,4631090.242888472,10585,11008,11864,12233,15061,14693,13214,10084,10523,11555,11949,14662,14888,13502,9826,10550,11828,12436,14748,15143,13663,10157,10696,11780,12105,14467,14500,13121
124,001e061182a2,AoT_Chicago,13B,ComEd Training Center,41.829806,-87.659467,AoT Chicago (S) [CP] {ComEd},2019/04/25 00:00:00,,445239.0851780891,4631090.242888472,10585,11008,11864,12233,15061,14693,13214,10084,10523,11555,11949,14662,14888,13502,9826,10550,11828,12436,14748,15143,13663,10157,10696,11780,12105,14467,14500,13121
125,001e061144be,AoT_Chicago,890,"UChicago, Regenstine Chicago IL",41.792543,-87.600008,AoT Chicago (S) [C] {UChicago},2018/03/15 00:00:00,,450147.5866704325,4626916.892470623,10722,10922,12742,12801,19652,16957,12897,9633,9947,11424,11411,17890,14894,11632,10295,10527,12218,12585,15874,15325,12080,9327,9513,10270,10123,12494,11538,9960
